﻿<?xml version="1.0" encoding="utf-8"?>
<key id="9115f134-7bea-4602-80a4-424675688c6a" version="1">
  <creationDate>2025-04-22T01:52:43.8766105Z</creationDate>
  <activationDate>2025-04-22T01:52:43.8608792Z</activationDate>
  <expirationDate>2025-07-21T01:52:43.8608792Z</expirationDate>
  <descriptor deserializerType="Microsoft.AspNetCore.DataProtection.AuthenticatedEncryption.ConfigurationModel.AuthenticatedEncryptorDescriptorDeserializer, Microsoft.AspNetCore.DataProtection, Version=8.0.0.0, Culture=neutral, PublicKeyToken=adb9793829ddae60">
    <descriptor>
      <encryption algorithm="AES_256_CBC" />
      <validation algorithm="HMACSHA256" />
      <masterKey p4:requiresEncryption="true" xmlns:p4="http://schemas.asp.net/2015/03/dataProtection">
        <!-- Warning: the key below is in an unencrypted form. -->
        <value>bkEnEz6sqZxUntMBYVsJl6dGFsUThupUJxIaStO5Uf3pjgAKXSe11x6kWuo7Q/GSP9UwHV+WOuCCVK/itcI9Aw==</value>
      </masterKey>
    </descriptor>
  </descriptor>
</key>